{"cameraMode":{"drawMode":0,"name":"Shaded","section":"Shading Mode"},"sceneLighting":false,"audioPlay":false,"sceneViewState":{"m_AlwaysRefresh":false,"showFog":true,"showSkybox":false,"showFlares":true,"showImageEffects":true,"showParticleSystems":true,"showVisualEffectGraphs":true,"m_FxEnabled":true},"in2DMode":false,"pivot":{"x":-1.1330028772354127,"y":-0.04414224624633789,"z":-0.010688304901123047},"rotation":{"x":-0.004110791254788637,"y":-0.9949386119842529,"z":0.04569760710000992,"w":-0.08948954939842224},"size":4.849222183227539,"orthographic":false}