{"cameraMode":{"drawMode":0,"name":"Shaded","section":"Shading Mode"},"sceneLighting":false,"audioPlay":false,"sceneViewState":{"m_AlwaysRefresh":false,"showFog":true,"showSkybox":false,"showFlares":true,"showImageEffects":true,"showParticleSystems":true,"showVisualEffectGraphs":true,"m_FxEnabled":true},"in2DMode":false,"pivot":{"x":-0.05333137512207031,"y":2.011547565460205,"z":-0.005071878433227539},"rotation":{"x":-0.009691499173641205,"y":-0.8934877514839172,"z":-0.019304731860756875,"w":0.4485872685909271},"size":3.956231117248535,"orthographic":false}