{"cameraMode":{"drawMode":0,"name":"Shaded","section":"Shading Mode"},"sceneLighting":false,"audioPlay":false,"sceneViewState":{"m_AlwaysRefresh":false,"showFog":true,"showSkybox":false,"showFlares":true,"showImageEffects":true,"showParticleSystems":true,"showVisualEffectGraphs":true,"m_FxEnabled":true},"in2DMode":false,"pivot":{"x":3.854743480682373,"y":5.953150749206543,"z":-1.1938402652740479},"rotation":{"x":0.03637111932039261,"y":0.9467012286186218,"z":-0.30056890845298769,"w":0.11517972499132157},"size":43.662261962890628,"orthographic":false}