{"cameraMode":{"drawMode":0,"name":"Shaded","section":"Shading Mode"},"sceneLighting":false,"audioPlay":false,"sceneViewState":{"m_AlwaysRefresh":false,"showFog":true,"showSkybox":false,"showFlares":true,"showImageEffects":true,"showParticleSystems":true,"showVisualEffectGraphs":true,"m_FxEnabled":true},"in2DMode":false,"pivot":{"x":-1.6196945905685425,"y":15.704058647155762,"z":5.850162982940674},"rotation":{"x":0.0017003292450681329,"y":0.9975094795227051,"z":-0.06833083927631378,"w":0.023650381714105607},"size":31.787353515625,"orthographic":false}