{"cameraMode":{"drawMode":0,"name":"Shaded","section":"Shading Mode"},"sceneLighting":false,"audioPlay":false,"sceneViewState":{"m_AlwaysRefresh":false,"showFog":true,"showSkybox":false,"showFlares":true,"showImageEffects":true,"showParticleSystems":true,"showVisualEffectGraphs":true,"m_FxEnabled":true},"in2DMode":false,"pivot":{"x":-0.08926638960838318,"y":1.6518713235855103,"z":-0.9211641550064087},"rotation":{"x":-0.036689724773168567,"y":0.7204278111457825,"z":-0.037955813109874728,"w":-0.6916274428367615},"size":0.9699520468711853,"orthographic":false}