{"cameraMode":{"drawMode":0,"name":"Shaded","section":"Shading Mode"},"sceneLighting":false,"audioPlay":false,"sceneViewState":{"m_AlwaysRefresh":false,"showFog":true,"showSkybox":false,"showFlares":true,"showImageEffects":true,"showParticleSystems":true,"showVisualEffectGraphs":true,"m_FxEnabled":true},"in2DMode":false,"pivot":{"x":3.4347336292266847,"y":12.72291374206543,"z":-6.113363742828369},"rotation":{"x":0.006499878596514463,"y":0.9927775859832764,"z":-0.10161668062210083,"w":0.06352292001247406},"size":32.506744384765628,"orthographic":false}